"program_from","program_to","subsample","N","coefficient","pre_estimate","pre_dr_estimate","to_estimate","se","pre_dr_se","to_se","p_value","pre_dr_p_value","to_p_value"
"ehsmixed_center","abc","FALSE",777,0.136287388653161,0.116434092447435,0.120510506901591,0.185885537493225,0.0672853832862832,0.0703093376348396,0.086423321891576,0.0431610182374122,0.086527936500047,0.0314862728101692
"ehsmixed_center","abc","FALSE",777,0.13382232546759,0.128484701347758,0.127151956569285,0.182152704599477,0.0689650387873049,0.0735856732726591,0.0993051969086108,0.0526898748132319,0.0839981820470909,0.0666136844280134
"ehsmixed_center","abc","TRUE",242,0.257251152404854,0.25164386939547,0.249117690545205,0.306112966507008,0.100807911439334,0.11111144323364,0.111011102602609,0.0113401966652724,0.0249579785676412,0.00582454523012753
"ehscenter","abc","FALSE",373,0.177418224526784,0.167429643516146,0.177165829073562,0.267815894106882,0.0944512747994203,0.0982668496470953,0.114240498028518,0.0611285843506025,0.0714030804694839,0.0190619835856753
"ehscenter","abc","FALSE",373,0.179679517189109,0.165394915311212,0.160421046422888,0.227608605013657,0.0953087221360139,0.103281899310936,0.121627151197938,0.0601833313449831,0.120367035967141,0.0612947216904854
"ehscenter","abc","TRUE",109,0.520193951891325,0.504079635202863,0.513794043156736,0.504135418906998,0.142327087969758,0.147787083272001,0.135359834908982,0.000403617681636891,0.000507847243271121,0.000195773132430335
"abc","abc","FALSE",103,1.04173577937913,0.995405063088706,0.99338764428201,0.995426889943432,0.182870194651254,0.182838127123516,0.160206992900802,1.45478941290774e-07,5.53666821393583e-08,5.18569110199656e-10
"abc","abc","FALSE",103,0.968003397201768,0.984505961505333,0.978290639780814,0.98450924727475,0.17359953444747,0.187968194721746,0.177852995492164,2.13549824861587e-07,1.94462961125321e-07,3.10302003252786e-08
"abc","abc","TRUE",98,0.940781643911623,0.964611808474403,0.964745202519183,0.964667218398962,0.178051044054704,0.192745136680888,0.17156505372799,8.1654634762433e-07,5.57781466080367e-07,1.8794248230265e-08
