"program_from","program_to","chopped","N","coefficient","pre_estimate","pre_dr_estimate","to_estimate","se","pre_dr_se","to_se","p_value","pre_dr_p_value","to_p_value"
"ehsmixed_center","abc","FALSE",777,0.136287388653164,0.133653667992221,0.134952065274899,0.192784487698609,0.0672853832862834,0.070929567042812,0.092202863026222,0.0431610182374088,0.0570900510029165,0.0365394394446054
"ehsmixed_center","abc","FALSE",777,0.133822325467593,0.126650463858959,0.124374640560041,0.177562113202149,0.0689650387873051,0.0736193297765161,0.0965289583358754,0.0526898748132275,0.0911372217362371,0.0658461013903916
"ehsmixed_center","abc","TRUE",242,0.257251152404855,0.256562001691223,0.252416054301153,0.313371722679716,0.100807911439334,0.110471858135512,0.113837980624736,0.0113401966652723,0.0223192730440713,0.0059090312558892
"ehscenter","abc","FALSE",373,0.177418224526782,0.166972403386156,0.16939817073554,0.276754659440828,0.09445127479942,0.0980023157216046,0.110092400588717,0.0611285843506054,0.0838964861493603,0.0119424664972492
"ehscenter","abc","FALSE",373,0.179679517189107,0.171518854342523,0.164359996466388,0.242814047215453,0.0953087221360137,0.103109707578376,0.122801135294157,0.0601833313449845,0.110929252106127,0.0480083162355584
"ehscenter","abc","TRUE",109,0.520193951891325,0.51839357073066,0.523454192658069,0.51847959722791,0.142327087969758,0.14975748949202,0.136736121819613,0.000403617681636893,0.000473448159710771,0.000149543611175131
