"program_from","program_to","subsample","N","coefficient","pre_estimate","pre_dr_estimate","to_estimate","se","pre_dr_se","to_se","p_value","pre_dr_p_value","to_p_value"
"ehsmixed_center","abc","FALSE",777,0.292060465034731,0.30990321638198,0.301136441665638,0.364934258276581,0.14066280753449,0.141984684342809,0.165143420865788,0.0381976572515087,0.0339295519687994,0.027118908317614
"ehsmixed_center","abc","FALSE",777,0.360165776863942,0.330882459930433,0.345367888856242,0.301781911231704,0.144879196166137,0.143170532599768,0.1769427209144,0.0131299894421389,0.0158529568899022,0.0880947875875772
"ehsmixed_center","abc","TRUE",242,0.621846805133518,0.680429009756283,0.607549195768241,0.680500828752436,0.240643367943504,0.251968100997175,0.223946977314707,0.0103605398738176,0.0158994846047997,0.00237625460159968
"ehscenter","abc","FALSE",373,0.525606005345807,0.587252824265192,0.59809310658472,0.751431884028829,0.158448346862199,0.159276008560064,0.207472270472904,0.00100138226544528,0.000173290670778655,0.000292512216400987
"ehscenter","abc","FALSE",373,0.567253692661397,0.566450428272659,0.574962840559436,0.555979120840948,0.160031421862203,0.164970999140166,0.226645676174236,0.000443685258205296,0.000491703433800346,0.0141640319072185
"ehscenter","abc","TRUE",109,1.27338049544794,1.27965185867563,1.18708260393693,1.27949212857913,0.333461665428714,0.337022765168708,0.353298567989362,0.000227337219851212,0.000427880445939324,0.000292831335161596
"abc","abc","FALSE",103,1.28548921947238,1.20374136647296,1.18674822468537,1.20380662179593,0.209627586488214,0.208242491567284,0.180945096506526,2.14095920499702e-08,1.20599604295581e-08,2.87405962174428e-11
"abc","abc","FALSE",103,1.18440150454567,1.20461733883869,1.1914983198533,1.20465534427036,0.197868988310429,0.215929193269305,0.192478837453684,3.46089832047e-08,3.42870115755198e-08,3.88354442202695e-10
"abc","abc","TRUE",98,1.15823990518601,1.17312228153618,1.16808025532053,1.17314549964969,0.204234855134354,0.225647741448427,0.199574260735935,1.55629810818729e-07,2.26008042172347e-07,4.14650226736054e-09
