"program_from","program_to","chopped","N","coefficient","pre_estimate","pre_dr_estimate","to_estimate","se","pre_dr_se","to_se","p_value","pre_dr_p_value","to_p_value"
"ehsmixed_center","abc","FALSE",777,0.29206046503474,0.3124455870918,0.316696823490214,0.364773968497918,0.14066280753449,0.139035314193118,0.157947853692095,0.0381976572515028,0.0227375596763964,0.0209181677289317
"ehsmixed_center","abc","FALSE",777,0.360165776863951,0.327919798116223,0.334388124959869,0.305839442937271,0.144879196166137,0.143312463777507,0.180972282736462,0.0131299894421367,0.0196334473045016,0.0910318818785913
"ehsmixed_center","abc","TRUE",242,0.621846805133523,0.635668986089714,0.596301932562693,0.635607373456497,0.240643367943504,0.243370768815382,0.231732774306067,0.010360539873817,0.0142785236016303,0.00609091950397598
"ehscenter","abc","FALSE",373,0.525606005345809,0.609794493297367,0.621891959745406,0.78171823554712,0.158448346862199,0.159201380357897,0.214655122840787,0.00100138226544525,9.37113607681328e-05,0.000270801067064957
"ehscenter","abc","FALSE",373,0.5672536926614,0.577988472558553,0.574520200449523,0.569350633047817,0.160031421862204,0.162599094044671,0.226156462958292,0.000443685258205273,0.000410322259141164,0.0118188391870634
"ehscenter","abc","TRUE",109,1.27338049544793,1.26753890866231,1.20322506393044,1.26714354384277,0.333461665428713,0.320731024716301,0.330901452970708,0.00022733721985122,0.000175774014725913,0.000128472599856767
